length,strain
730,LP_J
2613,LP_J
1341,LP_J
226,LP_J
725,LP_J
2653,LP_J
76,LP_J
470,LP_J
234,LP_J
185,LP_J
169,LP_J
154,LP_J
423,LP_J
877,LP_J
73,LP_J
105,LP_J
230,LP_J
184,LP_J
988,LP_J
1313,LP_J
75,LP_J
336,LP_J
7427,LP_J
152,LP_J
87,LP_J
3895,LP_J
327,LP_J
98,LP_J
2208,LP_J
6479,LP_J
682,LP_J
1594,LP_J
85,LP_J
80,LP_J
4257,LP_J
381,LP_J
447,LP_J
683,LP_J
6432,LP_J
94,LP_J
452,LP_J
363,LP_J
439,LP_J
4547,LP_J
113,LP_J
1887,LP_J
77,LP_J
161,LP_J
1887,LP_J
168,LP_J
1171,LP_J
93,LP_J
609,LP_J
120,LP_J
211,LP_J
182,LP_J
1909,LP_J
784,LP_J
262,LP_J
133,LP_J
200,LP_J
225,LP_J
4873,LP_J
439,LP_J
121,LP_J
14707,LP_J
1390,LP_J
6238,LP_J
511,LP_J
223,LP_J
626,LP_J
3554,LP_J
58,LP_J
260,LP_J
406,LP_J
108,LP_J
7422,LP_J
5873,LP_J
139,LP_J
355,LP_J
19245,LP_J
99,LP_J
1893,LP_J
392,LP_J
497,LP_J
259,LP_J
1200,LP_J
3214,LP_J
401,LP_J
2284,LP_J
245,LP_J
190,LP_J
728,LP_J
6410,LP_J
491,LP_J
369,LP_J
146,LP_J
3225,LP_J
2083,LP_J
104,LP_J
4927,LP_J
4088,LP_J
6762,LP_J
6694,LP_J
149,LP_J
209,LP_J
388,LP_J
176,LP_J
130,LP_J
363,LP_J
476,LP_J
125,LP_J
231,LP_J
6453,LP_J
276,LP_J
600,LP_J
205,LP_J
1640,LP_J
185,LP_J
7466,LP_J
487,LP_J
564,LP_J
4274,LP_J
749,LP_J
476,LP_J
166,LP_J
75,LP_J
478,LP_J
4365,LP_J
484,LP_J
215,LP_J
6666,LP_J
582,LP_J
6411,LP_J
6398,LP_J
202,LP_J
1018,LP_J
7065,LP_J
486,LP_J
1006,LP_J
24301,LP_J
1314,LP_J
179,LP_J
440,LP_J
768,LP_J
263,LP_J
156,LP_J
161,LP_J
472,LP_J
7064,LP_J
474,LP_J
116,LP_J
587,LP_J
134,LP_J
515,LP_J
722,LP_J
229,LP_J
909,LP_J
620,LP_J
1355,LP_J
206,LP_J
7143,LP_J
178,LP_J
111,LP_J
2399,LP_J
70,LP_J
291,LP_J
662,LP_J
46,LP_J
191,LP_J
87,LP_J
306,LP_J
896,LP_J
3813,LP_J
228,LP_J
10672,LP_J
819,LP_J
14516,LP_J
7143,LP_J
6264,LP_J
7411,LP_J
6288,LP_J
114,LP_J
186,LP_J
279,LP_J
6569,LP_J
611,LP_J
7121,LP_J
6329,LP_J
3691,LP_J
136,LP_J
2051,LP_J
348,LP_J
8636,LP_J
5921,LP_J
3547,LP_J
5763,LP_J
538,LP_J
640,LP_J
1394,LP_J
342,LP_J
1719,LP_J
577,LP_J
578,LP_J
431,LP_J
124,LP_J
2704,LP_J
2836,LP_J
242,LP_J
599,LP_J
115,LP_J
205,LP_J
136,LP_J
24,LP_J
1250,LP_J
291,LP_J
1713,LP_J
199,LP_J
149,LP_J
208,LP_J
208,LP_J
215,LP_J
280,LP_J
136,LP_J
212,LP_J
193,LP_J
192,LP_J
86,LP_J
147,LP_J
277,LP_J
43,LP_J
3633,LP_J
575,LP_J
403,LP_J
166,LP_J
525,LP_J
1261,LP_J
389,LP_J
13,LP_J
663,LP_J
6630,LP_J
1063,LP_J
527,LP_J
6260,LP_J
202,LP_J
758,LP_J
941,LP_J
617,LP_J
818,LP_J
213,LP_J
175,LP_J
211,LP_J
1710,LP_J
222,LP_J
174,LP_J
224,LP_J
148,LP_J
328,LP_J
197,LP_J
6385,LP_J
199,LP_J
6404,LP_J
648,LP_J
446,LP_J
176,LP_J
674,LP_J
6397,LP_J
10281,LP_J
383,LP_J
867,LP_J
3070,LP_J
148,LP_J
220,LP_J
194,LP_J
187,LP_J
532,LP_J
42,LP_J
7117,LP_J
579,LP_J
305,LP_J
245,LP_J
184,LP_J
188,LP_J
214,LP_J
108,LP_J
326,LP_J
276,LP_J
559,LP_J
212,LP_J
257,LP_J
231,LP_J
75,LP_J
786,LP_J
345,LP_J
204,LP_J
97,LP_J
134,LP_J
246,LP_J
350,LP_J
116,LP_J
274,LP_J
694,LP_J
1893,LP_J
269,LP_J
1039,LP_J
581,LP_J
756,LP_J
836,LP_J
23,LP_J
227,LP_J
565,LP_J
169,LP_J
464,LP_J
114,LP_J
6486,LP_J
231,LP_J
222,LP_J
856,LP_J
226,LP_J
459,LP_J
128,LP_J
243,LP_J
1435,LP_J
6561,LP_J
265,LP_J
343,LP_J
141,LP_J
6891,LP_J
543,LP_J
270,LP_J
6794,LP_J
3624,LP_J
1971,LP_J
136,LP_J
60,LP_J
1792,LP_J
2034,LP_J
418,LP_J
6225,LP_J
147,LP_J
211,LP_J
2529,LP_J
80,LP_J
58,LP_J
83,LP_J
1061,LP_J
920,LP_J
6423,LP_J
6686,LP_J
497,LP_J
88,LP_J
221,LP_J
449,LP_J
6659,LP_J
6635,LP_J
940,LP_J
1511,LP_J
207,LP_J
961,LP_J
214,LP_J
6433,LP_J
1249,LP_J
221,LP_J
483,LP_J
1558,LP_J
3371,LP_J
5440,LP_J
178,LP_J
855,LP_J
167,LP_J
6584,LP_J
135,LP_J
372,LP_J
215,LP_J
752,LP_J
36,LP_J
283,LP_J
1154,LP_J
764,LP_J
932,LP_J
1955,LP_J
75,LP_J
110,LP_J
444,LP_J
202,LP_J
59,LP_J
58,LP_J
428,LP_J
185,LP_J
445,LP_J
851,LP_J
3357,LP_J
184,LP_J
202,LP_J
374,LP_J
121,LP_J
218,LP_J
468,LP_J
1030,LP_J
195,LP_J
6456,LP_J
758,LP_J
172,LP_J
213,LP_J
207,LP_J
5494,LP_J
46,LP_J
46,LP_J
1491,LP_J
1909,LP_J
48,LP_J
568,LP_J
1243,LP_J
286,LP_J
106,LP_J
825,LP_J
2925,LP_J
267,LP_J
133,LP_J
91,LP_J
312,LP_J
81,LP_J
7196,LP_J
2885,LP_J
520,LP_J
584,LP_J
6222,LP_J
1648,LP_J
2895,LP_J
351,LP_J
2386,LP_J
86,LP_J
219,LP_J
80,LP_J
139,LP_J
1506,LP_J
6242,LP_J
621,LP_J
173,LP_J
1181,LP_J
89,LP_J
164,LP_J
62,LP_J
199,LP_J
326,LP_J
7212,LP_J
130,LP_J
321,LP_J
165,LP_J
98,LP_J
85,LP_J
5532,LP_J
183,LP_J
187,LP_J
88,LP_J
418,LP_J
177,LP_J
1135,LP_J
6454,LP_J
930,LP_J
520,LP_J
148,LP_J
126,LP_J
1112,LP_J
125,LP_J
213,LP_J
264,LP_J
153,LP_J
627,LP_J
243,LP_J
180,LP_J
1181,LP_J
253,LP_J
8721,LP_J
182,LP_J
227,LP_J
226,LP_J
262,LP_J
590,LP_J
349,LP_J
1043,LP_J
6518,LP_J
45,LP_J
730,DBA_2J
5840,DBA_2J
179,DBA_2J
196,DBA_2J
121,DBA_2J
214,DBA_2J
165,DBA_2J
222,DBA_2J
134,DBA_2J
142,DBA_2J
213,DBA_2J
290,DBA_2J
169,DBA_2J
228,DBA_2J
398,DBA_2J
188,DBA_2J
284,DBA_2J
166,DBA_2J
735,DBA_2J
193,DBA_2J
547,DBA_2J
183,DBA_2J
2613,DBA_2J
225,DBA_2J
187,DBA_2J
258,DBA_2J
687,DBA_2J
128,DBA_2J
205,DBA_2J
99,DBA_2J
751,DBA_2J
37,DBA_2J
245,DBA_2J
190,DBA_2J
671,DBA_2J
226,DBA_2J
5045,DBA_2J
139,DBA_2J
212,DBA_2J
801,DBA_2J
236,DBA_2J
645,DBA_2J
2186,DBA_2J
105,DBA_2J
576,DBA_2J
471,DBA_2J
1875,DBA_2J
203,DBA_2J
123,DBA_2J
234,DBA_2J
392,DBA_2J
209,DBA_2J
202,DBA_2J
283,DBA_2J
201,DBA_2J
203,DBA_2J
214,DBA_2J
66,DBA_2J
677,DBA_2J
679,DBA_2J
283,DBA_2J
126,DBA_2J
322,DBA_2J
413,DBA_2J
115,DBA_2J
295,DBA_2J
451,DBA_2J
954,DBA_2J
1651,DBA_2J
190,DBA_2J
181,DBA_2J
168,DBA_2J
241,DBA_2J
497,DBA_2J
267,DBA_2J
127,DBA_2J
369,DBA_2J
522,DBA_2J
68,DBA_2J
505,DBA_2J
3440,DBA_2J
2733,DBA_2J
3942,DBA_2J
6209,DBA_2J
1004,DBA_2J
226,DBA_2J
1318,DBA_2J
2612,DBA_2J
454,DBA_2J
169,DBA_2J
2800,DBA_2J
6792,DBA_2J
342,DBA_2J
398,DBA_2J
6895,DBA_2J
12919,DBA_2J
480,DBA_2J
74,DBA_2J
923,DBA_2J
472,DBA_2J
308,DBA_2J
479,DBA_2J
6459,DBA_2J
118,DBA_2J
201,DBA_2J
313,DBA_2J
197,DBA_2J
1349,DBA_2J
499,DBA_2J
7210,DBA_2J
3830,DBA_2J
840,DBA_2J
6091,DBA_2J
157,DBA_2J
73,DBA_2J
493,DBA_2J
528,DBA_2J
226,DBA_2J
1704,DBA_2J
130,DBA_2J
2653,DBA_2J
72,DBA_2J
2271,DBA_2J
76,DBA_2J
470,DBA_2J
234,DBA_2J
185,DBA_2J
169,DBA_2J
154,DBA_2J
423,DBA_2J
877,DBA_2J
73,DBA_2J
105,DBA_2J
230,DBA_2J
184,DBA_2J
988,DBA_2J
1313,DBA_2J
75,DBA_2J
336,DBA_2J
7427,DBA_2J
152,DBA_2J
91,DBA_2J
468,DBA_2J
179,DBA_2J
481,DBA_2J
284,DBA_2J
292,DBA_2J
210,DBA_2J
358,DBA_2J
460,DBA_2J
67,DBA_2J
421,DBA_2J
6500,DBA_2J
1839,DBA_2J
3895,DBA_2J
327,DBA_2J
6256,DBA_2J
116,DBA_2J
6479,DBA_2J
172,DBA_2J
85,DBA_2J
80,DBA_2J
447,DBA_2J
683,DBA_2J
6432,DBA_2J
94,DBA_2J
452,DBA_2J
363,DBA_2J
439,DBA_2J
4547,DBA_2J
113,DBA_2J
1887,DBA_2J
77,DBA_2J
161,DBA_2J
1887,DBA_2J
120,DBA_2J
182,DBA_2J
1909,DBA_2J
200,DBA_2J
225,DBA_2J
4873,DBA_2J
439,DBA_2J
121,DBA_2J
14707,DBA_2J
1390,DBA_2J
6238,DBA_2J
511,DBA_2J
223,DBA_2J
3554,DBA_2J
58,DBA_2J
2648,DBA_2J
260,DBA_2J
406,DBA_2J
108,DBA_2J
7422,DBA_2J
5873,DBA_2J
139,DBA_2J
177,DBA_2J
7364,DBA_2J
579,DBA_2J
872,DBA_2J
322,DBA_2J
388,DBA_2J
301,DBA_2J
355,DBA_2J
198,DBA_2J
700,DBA_2J
327,DBA_2J
204,DBA_2J
488,DBA_2J
173,DBA_2J
374,DBA_2J
122,DBA_2J
863,DBA_2J
445,DBA_2J
102,DBA_2J
1893,DBA_2J
147,DBA_2J
530,DBA_2J
5523,DBA_2J
1102,DBA_2J
569,DBA_2J
953,DBA_2J
3427,DBA_2J
192,DBA_2J
497,DBA_2J
481,DBA_2J
610,DBA_2J
1211,DBA_2J
1916,DBA_2J
799,DBA_2J
1218,DBA_2J
281,DBA_2J
196,DBA_2J
174,DBA_2J
39,DBA_2J
254,DBA_2J
233,DBA_2J
119,DBA_2J
211,DBA_2J
465,DBA_2J
139,DBA_2J
409,DBA_2J
193,DBA_2J
187,DBA_2J
43,DBA_2J
591,DBA_2J
42,DBA_2J
197,DBA_2J
204,DBA_2J
197,DBA_2J
251,DBA_2J
545,DBA_2J
177,DBA_2J
1813,DBA_2J
1425,DBA_2J
51,DBA_2J
152,DBA_2J
6408,DBA_2J
16,DBA_2J
1223,DBA_2J
7445,DBA_2J
562,DBA_2J
204,DBA_2J
7016,DBA_2J
450,DBA_2J
480,DBA_2J
448,DBA_2J
394,DBA_2J
218,DBA_2J
728,DBA_2J
121,DBA_2J
372,DBA_2J
91,DBA_2J
480,DBA_2J
3214,DBA_2J
401,DBA_2J
2284,DBA_2J
245,DBA_2J
190,DBA_2J
728,DBA_2J
963,DBA_2J
491,DBA_2J
146,DBA_2J
125,DBA_2J
231,DBA_2J
101,DBA_2J
276,DBA_2J
329,DBA_2J
217,DBA_2J
749,DBA_2J
1219,DBA_2J
1767,DBA_2J
6398,DBA_2J
202,DBA_2J
581,DBA_2J
661,DBA_2J
202,DBA_2J
213,DBA_2J
2955,DBA_2J
1006,DBA_2J
24301,DBA_2J
1314,DBA_2J
179,DBA_2J
440,DBA_2J
768,DBA_2J
156,DBA_2J
161,DBA_2J
472,DBA_2J
7064,DBA_2J
474,DBA_2J
116,DBA_2J
587,DBA_2J
134,DBA_2J
515,DBA_2J
722,DBA_2J
229,DBA_2J
909,DBA_2J
620,DBA_2J
1355,DBA_2J
206,DBA_2J
7143,DBA_2J
4994,DBA_2J
211,DBA_2J
70,DBA_2J
291,DBA_2J
662,DBA_2J
46,DBA_2J
896,DBA_2J
3813,DBA_2J
228,DBA_2J
10672,DBA_2J
819,DBA_2J
14516,DBA_2J
7143,DBA_2J
6264,DBA_2J
7411,DBA_2J
6288,DBA_2J
114,DBA_2J
186,DBA_2J
279,DBA_2J
6569,DBA_2J
611,DBA_2J
7121,DBA_2J
6329,DBA_2J
3691,DBA_2J
5646,DBA_2J
5763,DBA_2J
715,DBA_2J
578,DBA_2J
431,DBA_2J
124,DBA_2J
2704,DBA_2J
2836,DBA_2J
218,DBA_2J
247,DBA_2J
205,DBA_2J
136,DBA_2J
24,DBA_2J
1250,DBA_2J
5068,DBA_2J
291,DBA_2J
1713,DBA_2J
199,DBA_2J
149,DBA_2J
208,DBA_2J
208,DBA_2J
215,DBA_2J
280,DBA_2J
136,DBA_2J
212,DBA_2J
193,DBA_2J
192,DBA_2J
209,DBA_2J
86,DBA_2J
4354,DBA_2J
147,DBA_2J
277,DBA_2J
43,DBA_2J
3633,DBA_2J
575,DBA_2J
403,DBA_2J
166,DBA_2J
525,DBA_2J
389,DBA_2J
6630,DBA_2J
1063,DBA_2J
527,DBA_2J
6260,DBA_2J
202,DBA_2J
758,DBA_2J
941,DBA_2J
617,DBA_2J
213,DBA_2J
175,DBA_2J
211,DBA_2J
1710,DBA_2J
222,DBA_2J
174,DBA_2J
224,DBA_2J
1417,DBA_2J
328,DBA_2J
6385,DBA_2J
6404,DBA_2J
131,DBA_2J
175,DBA_2J
127,DBA_2J
96,DBA_2J
488,DBA_2J
672,DBA_2J
746,DBA_2J
6397,DBA_2J
10281,DBA_2J
383,DBA_2J
867,DBA_2J
3070,DBA_2J
148,DBA_2J
220,DBA_2J
194,DBA_2J
187,DBA_2J
532,DBA_2J
7117,DBA_2J
579,DBA_2J
305,DBA_2J
307,DBA_2J
258,DBA_2J
1444,DBA_2J
214,DBA_2J
326,DBA_2J
276,DBA_2J
559,DBA_2J
212,DBA_2J
161,DBA_2J
215,DBA_2J
215,DBA_2J
231,DBA_2J
75,DBA_2J
216,DBA_2J
345,DBA_2J
204,DBA_2J
99,DBA_2J
447,DBA_2J
917,DBA_2J
97,DBA_2J
114,DBA_2J
134,DBA_2J
104,DBA_2J
116,DBA_2J
274,DBA_2J
694,DBA_2J
1239,DBA_2J
207,DBA_2J
1893,DBA_2J
269,DBA_2J
1039,DBA_2J
581,DBA_2J
756,DBA_2J
836,DBA_2J
23,DBA_2J
227,DBA_2J
565,DBA_2J
169,DBA_2J
464,DBA_2J
114,DBA_2J
6486,DBA_2J
231,DBA_2J
222,DBA_2J
856,DBA_2J
226,DBA_2J
459,DBA_2J
459,DBA_2J
543,DBA_2J
270,DBA_2J
6794,DBA_2J
3624,DBA_2J
1971,DBA_2J
136,DBA_2J
60,DBA_2J
6182,DBA_2J
2063,DBA_2J
78,DBA_2J
382,DBA_2J
9415,DBA_2J
221,DBA_2J
6433,DBA_2J
1249,DBA_2J
221,DBA_2J
483,DBA_2J
1558,DBA_2J
3371,DBA_2J
5440,DBA_2J
178,DBA_2J
855,DBA_2J
167,DBA_2J
29,DBA_2J
6584,DBA_2J
135,DBA_2J
372,DBA_2J
752,DBA_2J
36,DBA_2J
283,DBA_2J
1154,DBA_2J
764,DBA_2J
932,DBA_2J
246,DBA_2J
1955,DBA_2J
75,DBA_2J
110,DBA_2J
656,DBA_2J
197,DBA_2J
795,DBA_2J
444,DBA_2J
202,DBA_2J
59,DBA_2J
551,DBA_2J
752,DBA_2J
58,DBA_2J
428,DBA_2J
52,DBA_2J
185,DBA_2J
1497,DBA_2J
6456,DBA_2J
758,DBA_2J
172,DBA_2J
213,DBA_2J
207,DBA_2J
5494,DBA_2J
46,DBA_2J
46,DBA_2J
1491,DBA_2J
1909,DBA_2J
48,DBA_2J
568,DBA_2J
1243,DBA_2J
286,DBA_2J
316,DBA_2J
2099,DBA_2J
504,DBA_2J
2144,DBA_2J
267,DBA_2J
133,DBA_2J
91,DBA_2J
312,DBA_2J
81,DBA_2J
7196,DBA_2J
2885,DBA_2J
520,DBA_2J
584,DBA_2J
6222,DBA_2J
1648,DBA_2J
2895,DBA_2J
351,DBA_2J
2386,DBA_2J
86,DBA_2J
219,DBA_2J
80,DBA_2J
139,DBA_2J
1506,DBA_2J
6242,DBA_2J
621,DBA_2J
173,DBA_2J
1181,DBA_2J
590,DBA_2J
89,DBA_2J
164,DBA_2J
62,DBA_2J
199,DBA_2J
326,DBA_2J
7212,DBA_2J
130,DBA_2J
321,DBA_2J
165,DBA_2J
98,DBA_2J
85,DBA_2J
5532,DBA_2J
183,DBA_2J
187,DBA_2J
88,DBA_2J
418,DBA_2J
177,DBA_2J
1135,DBA_2J
6454,DBA_2J
930,DBA_2J
520,DBA_2J
148,DBA_2J
126,DBA_2J
532,DBA_2J
1112,DBA_2J
125,DBA_2J
213,DBA_2J
499,DBA_2J
264,DBA_2J
153,DBA_2J
627,DBA_2J
243,DBA_2J
180,DBA_2J
1181,DBA_2J
253,DBA_2J
1665,DBA_2J
8721,DBA_2J
182,DBA_2J
227,DBA_2J
226,DBA_2J
262,DBA_2J
590,DBA_2J
349,DBA_2J
1043,DBA_2J
6518,DBA_2J
45,DBA_2J
730,C3H_HeJ
179,C3H_HeJ
196,C3H_HeJ
214,C3H_HeJ
165,C3H_HeJ
222,C3H_HeJ
134,C3H_HeJ
142,C3H_HeJ
213,C3H_HeJ
1912,C3H_HeJ
169,C3H_HeJ
228,C3H_HeJ
398,C3H_HeJ
188,C3H_HeJ
277,C3H_HeJ
166,C3H_HeJ
226,C3H_HeJ
220,C3H_HeJ
468,C3H_HeJ
887,C3H_HeJ
401,C3H_HeJ
547,C3H_HeJ
183,C3H_HeJ
2613,C3H_HeJ
1341,C3H_HeJ
178,C3H_HeJ
70,C3H_HeJ
9474,C3H_HeJ
6446,C3H_HeJ
239572,C3H_HeJ
2818,C3H_HeJ
7168,C3H_HeJ
5144,C3H_HeJ
5763,C3H_HeJ
15884,C3H_HeJ
99,C3H_HeJ
202,C3H_HeJ
283,C3H_HeJ
201,C3H_HeJ
203,C3H_HeJ
214,C3H_HeJ
66,C3H_HeJ
677,C3H_HeJ
679,C3H_HeJ
283,C3H_HeJ
126,C3H_HeJ
322,C3H_HeJ
413,C3H_HeJ
115,C3H_HeJ
295,C3H_HeJ
451,C3H_HeJ
954,C3H_HeJ
1651,C3H_HeJ
190,C3H_HeJ
181,C3H_HeJ
168,C3H_HeJ
241,C3H_HeJ
497,C3H_HeJ
267,C3H_HeJ
127,C3H_HeJ
369,C3H_HeJ
522,C3H_HeJ
68,C3H_HeJ
505,C3H_HeJ
3440,C3H_HeJ
2733,C3H_HeJ
3942,C3H_HeJ
6209,C3H_HeJ
1004,C3H_HeJ
226,C3H_HeJ
1318,C3H_HeJ
36301,C3H_HeJ
2612,C3H_HeJ
454,C3H_HeJ
169,C3H_HeJ
2800,C3H_HeJ
6792,C3H_HeJ
342,C3H_HeJ
398,C3H_HeJ
6895,C3H_HeJ
12919,C3H_HeJ
480,C3H_HeJ
74,C3H_HeJ
923,C3H_HeJ
472,C3H_HeJ
308,C3H_HeJ
479,C3H_HeJ
6459,C3H_HeJ
118,C3H_HeJ
201,C3H_HeJ
313,C3H_HeJ
197,C3H_HeJ
1349,C3H_HeJ
499,C3H_HeJ
7210,C3H_HeJ
3830,C3H_HeJ
840,C3H_HeJ
6091,C3H_HeJ
157,C3H_HeJ
73,C3H_HeJ
1497,C3H_HeJ
2653,C3H_HeJ
162,C3H_HeJ
76,C3H_HeJ
169,C3H_HeJ
105,C3H_HeJ
1304,C3H_HeJ
336,C3H_HeJ
7427,C3H_HeJ
152,C3H_HeJ
2208,C3H_HeJ
6375,C3H_HeJ
6479,C3H_HeJ
172,C3H_HeJ
782,C3H_HeJ
1594,C3H_HeJ
85,C3H_HeJ
80,C3H_HeJ
723,C3H_HeJ
1686,C3H_HeJ
3737,C3H_HeJ
6432,C3H_HeJ
94,C3H_HeJ
452,C3H_HeJ
363,C3H_HeJ
439,C3H_HeJ
4547,C3H_HeJ
113,C3H_HeJ
1887,C3H_HeJ
77,C3H_HeJ
161,C3H_HeJ
1887,C3H_HeJ
120,C3H_HeJ
182,C3H_HeJ
1909,C3H_HeJ
200,C3H_HeJ
225,C3H_HeJ
4873,C3H_HeJ
439,C3H_HeJ
121,C3H_HeJ
14707,C3H_HeJ
1390,C3H_HeJ
6238,C3H_HeJ
511,C3H_HeJ
223,C3H_HeJ
3554,C3H_HeJ
58,C3H_HeJ
2648,C3H_HeJ
260,C3H_HeJ
406,C3H_HeJ
108,C3H_HeJ
7422,C3H_HeJ
5873,C3H_HeJ
139,C3H_HeJ
177,C3H_HeJ
7364,C3H_HeJ
579,C3H_HeJ
872,C3H_HeJ
322,C3H_HeJ
388,C3H_HeJ
301,C3H_HeJ
355,C3H_HeJ
198,C3H_HeJ
700,C3H_HeJ
327,C3H_HeJ
19245,C3H_HeJ
204,C3H_HeJ
488,C3H_HeJ
173,C3H_HeJ
374,C3H_HeJ
122,C3H_HeJ
863,C3H_HeJ
445,C3H_HeJ
102,C3H_HeJ
1893,C3H_HeJ
147,C3H_HeJ
530,C3H_HeJ
5523,C3H_HeJ
1102,C3H_HeJ
569,C3H_HeJ
953,C3H_HeJ
3427,C3H_HeJ
192,C3H_HeJ
497,C3H_HeJ
481,C3H_HeJ
610,C3H_HeJ
1211,C3H_HeJ
1916,C3H_HeJ
799,C3H_HeJ
1218,C3H_HeJ
281,C3H_HeJ
196,C3H_HeJ
174,C3H_HeJ
39,C3H_HeJ
254,C3H_HeJ
233,C3H_HeJ
119,C3H_HeJ
211,C3H_HeJ
465,C3H_HeJ
139,C3H_HeJ
409,C3H_HeJ
193,C3H_HeJ
187,C3H_HeJ
43,C3H_HeJ
591,C3H_HeJ
42,C3H_HeJ
197,C3H_HeJ
204,C3H_HeJ
197,C3H_HeJ
251,C3H_HeJ
545,C3H_HeJ
177,C3H_HeJ
1813,C3H_HeJ
1425,C3H_HeJ
51,C3H_HeJ
152,C3H_HeJ
6408,C3H_HeJ
1223,C3H_HeJ
7445,C3H_HeJ
562,C3H_HeJ
204,C3H_HeJ
7016,C3H_HeJ
450,C3H_HeJ
480,C3H_HeJ
448,C3H_HeJ
394,C3H_HeJ
218,C3H_HeJ
259,C3H_HeJ
728,C3H_HeJ
121,C3H_HeJ
372,C3H_HeJ
91,C3H_HeJ
480,C3H_HeJ
9429,C3H_HeJ
401,C3H_HeJ
2284,C3H_HeJ
245,C3H_HeJ
190,C3H_HeJ
728,C3H_HeJ
963,C3H_HeJ
491,C3H_HeJ
146,C3H_HeJ
125,C3H_HeJ
231,C3H_HeJ
101,C3H_HeJ
276,C3H_HeJ
329,C3H_HeJ
217,C3H_HeJ
749,C3H_HeJ
845,C3H_HeJ
1219,C3H_HeJ
1767,C3H_HeJ
6398,C3H_HeJ
202,C3H_HeJ
581,C3H_HeJ
661,C3H_HeJ
202,C3H_HeJ
213,C3H_HeJ
2955,C3H_HeJ
1006,C3H_HeJ
24301,C3H_HeJ
1314,C3H_HeJ
179,C3H_HeJ
440,C3H_HeJ
768,C3H_HeJ
156,C3H_HeJ
161,C3H_HeJ
472,C3H_HeJ
7064,C3H_HeJ
474,C3H_HeJ
116,C3H_HeJ
587,C3H_HeJ
134,C3H_HeJ
515,C3H_HeJ
722,C3H_HeJ
229,C3H_HeJ
909,C3H_HeJ
620,C3H_HeJ
1355,C3H_HeJ
206,C3H_HeJ
7143,C3H_HeJ
4994,C3H_HeJ
211,C3H_HeJ
70,C3H_HeJ
291,C3H_HeJ
662,C3H_HeJ
46,C3H_HeJ
3813,C3H_HeJ
228,C3H_HeJ
10672,C3H_HeJ
819,C3H_HeJ
14516,C3H_HeJ
7143,C3H_HeJ
6264,C3H_HeJ
7411,C3H_HeJ
6288,C3H_HeJ
114,C3H_HeJ
186,C3H_HeJ
279,C3H_HeJ
6569,C3H_HeJ
611,C3H_HeJ
7121,C3H_HeJ
6329,C3H_HeJ
3691,C3H_HeJ
5646,C3H_HeJ
5763,C3H_HeJ
715,C3H_HeJ
577,C3H_HeJ
578,C3H_HeJ
431,C3H_HeJ
124,C3H_HeJ
2704,C3H_HeJ
2836,C3H_HeJ
218,C3H_HeJ
247,C3H_HeJ
205,C3H_HeJ
136,C3H_HeJ
24,C3H_HeJ
1250,C3H_HeJ
5068,C3H_HeJ
291,C3H_HeJ
1713,C3H_HeJ
199,C3H_HeJ
149,C3H_HeJ
208,C3H_HeJ
208,C3H_HeJ
215,C3H_HeJ
280,C3H_HeJ
136,C3H_HeJ
212,C3H_HeJ
193,C3H_HeJ
192,C3H_HeJ
86,C3H_HeJ
43,C3H_HeJ
3633,C3H_HeJ
575,C3H_HeJ
403,C3H_HeJ
166,C3H_HeJ
525,C3H_HeJ
389,C3H_HeJ
6630,C3H_HeJ
202,C3H_HeJ
941,C3H_HeJ
142,C3H_HeJ
617,C3H_HeJ
818,C3H_HeJ
213,C3H_HeJ
175,C3H_HeJ
211,C3H_HeJ
1710,C3H_HeJ
222,C3H_HeJ
174,C3H_HeJ
224,C3H_HeJ
1417,C3H_HeJ
328,C3H_HeJ
6385,C3H_HeJ
648,C3H_HeJ
533,C3H_HeJ
1362,C3H_HeJ
200,C3H_HeJ
176,C3H_HeJ
674,C3H_HeJ
94,C3H_HeJ
6397,C3H_HeJ
631,C3H_HeJ
334,C3H_HeJ
148,C3H_HeJ
8785,C3H_HeJ
522,C3H_HeJ
7117,C3H_HeJ
579,C3H_HeJ
305,C3H_HeJ
245,C3H_HeJ
184,C3H_HeJ
188,C3H_HeJ
214,C3H_HeJ
108,C3H_HeJ
326,C3H_HeJ
276,C3H_HeJ
559,C3H_HeJ
212,C3H_HeJ
257,C3H_HeJ
231,C3H_HeJ
75,C3H_HeJ
786,C3H_HeJ
345,C3H_HeJ
204,C3H_HeJ
447,C3H_HeJ
917,C3H_HeJ
97,C3H_HeJ
114,C3H_HeJ
134,C3H_HeJ
104,C3H_HeJ
121,C3H_HeJ
274,C3H_HeJ
694,C3H_HeJ
207,C3H_HeJ
1893,C3H_HeJ
269,C3H_HeJ
243,C3H_HeJ
2931,C3H_HeJ
6457,C3H_HeJ
1039,C3H_HeJ
108,C3H_HeJ
227,C3H_HeJ
565,C3H_HeJ
169,C3H_HeJ
464,C3H_HeJ
114,C3H_HeJ
6182,C3H_HeJ
2063,C3H_HeJ
78,C3H_HeJ
382,C3H_HeJ
9415,C3H_HeJ
221,C3H_HeJ
6433,C3H_HeJ
1249,C3H_HeJ
221,C3H_HeJ
483,C3H_HeJ
1558,C3H_HeJ
3371,C3H_HeJ
5440,C3H_HeJ
178,C3H_HeJ
855,C3H_HeJ
167,C3H_HeJ
6584,C3H_HeJ
135,C3H_HeJ
372,C3H_HeJ
752,C3H_HeJ
36,C3H_HeJ
283,C3H_HeJ
1154,C3H_HeJ
764,C3H_HeJ
932,C3H_HeJ
246,C3H_HeJ
1955,C3H_HeJ
110,C3H_HeJ
656,C3H_HeJ
451,C3H_HeJ
197,C3H_HeJ
795,C3H_HeJ
444,C3H_HeJ
202,C3H_HeJ
59,C3H_HeJ
551,C3H_HeJ
752,C3H_HeJ
58,C3H_HeJ
428,C3H_HeJ
52,C3H_HeJ
185,C3H_HeJ
1497,C3H_HeJ
6456,C3H_HeJ
758,C3H_HeJ
172,C3H_HeJ
213,C3H_HeJ
207,C3H_HeJ
5494,C3H_HeJ
46,C3H_HeJ
46,C3H_HeJ
1491,C3H_HeJ
1909,C3H_HeJ
48,C3H_HeJ
568,C3H_HeJ
1243,C3H_HeJ
286,C3H_HeJ
316,C3H_HeJ
2099,C3H_HeJ
504,C3H_HeJ
2144,C3H_HeJ
267,C3H_HeJ
133,C3H_HeJ
91,C3H_HeJ
312,C3H_HeJ
81,C3H_HeJ
7196,C3H_HeJ
2885,C3H_HeJ
520,C3H_HeJ
584,C3H_HeJ
6222,C3H_HeJ
1648,C3H_HeJ
2895,C3H_HeJ
351,C3H_HeJ
2386,C3H_HeJ
86,C3H_HeJ
219,C3H_HeJ
80,C3H_HeJ
139,C3H_HeJ
1506,C3H_HeJ
6242,C3H_HeJ
621,C3H_HeJ
173,C3H_HeJ
1181,C3H_HeJ
590,C3H_HeJ
89,C3H_HeJ
164,C3H_HeJ
62,C3H_HeJ
199,C3H_HeJ
326,C3H_HeJ
7212,C3H_HeJ
130,C3H_HeJ
321,C3H_HeJ
165,C3H_HeJ
98,C3H_HeJ
85,C3H_HeJ
5532,C3H_HeJ
183,C3H_HeJ
187,C3H_HeJ
88,C3H_HeJ
418,C3H_HeJ
177,C3H_HeJ
1135,C3H_HeJ
6454,C3H_HeJ
930,C3H_HeJ
520,C3H_HeJ
148,C3H_HeJ
126,C3H_HeJ
532,C3H_HeJ
1112,C3H_HeJ
125,C3H_HeJ
213,C3H_HeJ
499,C3H_HeJ
264,C3H_HeJ
153,C3H_HeJ
627,C3H_HeJ
243,C3H_HeJ
180,C3H_HeJ
1181,C3H_HeJ
253,C3H_HeJ
1665,C3H_HeJ
8721,C3H_HeJ
182,C3H_HeJ
227,C3H_HeJ
226,C3H_HeJ
262,C3H_HeJ
590,C3H_HeJ
349,C3H_HeJ
1043,C3H_HeJ
6518,C3H_HeJ
45,C3H_HeJ
730,CBA_J
179,CBA_J
196,CBA_J
121,CBA_J
214,CBA_J
165,CBA_J
222,CBA_J
134,CBA_J
142,CBA_J
213,CBA_J
290,CBA_J
169,CBA_J
228,CBA_J
398,CBA_J
188,CBA_J
284,CBA_J
166,CBA_J
193,CBA_J
547,CBA_J
183,CBA_J
2613,CBA_J
225,CBA_J
187,CBA_J
258,CBA_J
687,CBA_J
128,CBA_J
205,CBA_J
99,CBA_J
751,CBA_J
37,CBA_J
245,CBA_J
190,CBA_J
671,CBA_J
226,CBA_J
139,CBA_J
212,CBA_J
801,CBA_J
236,CBA_J
645,CBA_J
2186,CBA_J
105,CBA_J
576,CBA_J
471,CBA_J
1875,CBA_J
203,CBA_J
123,CBA_J
234,CBA_J
392,CBA_J
209,CBA_J
1341,CBA_J
202,CBA_J
283,CBA_J
201,CBA_J
203,CBA_J
214,CBA_J
66,CBA_J
677,CBA_J
679,CBA_J
283,CBA_J
126,CBA_J
322,CBA_J
413,CBA_J
115,CBA_J
295,CBA_J
451,CBA_J
954,CBA_J
1651,CBA_J
190,CBA_J
181,CBA_J
168,CBA_J
241,CBA_J
497,CBA_J
267,CBA_J
127,CBA_J
369,CBA_J
522,CBA_J
68,CBA_J
505,CBA_J
3440,CBA_J
2733,CBA_J
3942,CBA_J
6209,CBA_J
1004,CBA_J
226,CBA_J
1318,CBA_J
2612,CBA_J
454,CBA_J
169,CBA_J
2800,CBA_J
6792,CBA_J
342,CBA_J
398,CBA_J
6895,CBA_J
12919,CBA_J
480,CBA_J
74,CBA_J
923,CBA_J
472,CBA_J
308,CBA_J
479,CBA_J
6459,CBA_J
118,CBA_J
201,CBA_J
313,CBA_J
197,CBA_J
1349,CBA_J
499,CBA_J
7210,CBA_J
3830,CBA_J
840,CBA_J
6091,CBA_J
157,CBA_J
73,CBA_J
493,CBA_J
528,CBA_J
226,CBA_J
1704,CBA_J
130,CBA_J
2653,CBA_J
72,CBA_J
2271,CBA_J
76,CBA_J
470,CBA_J
234,CBA_J
185,CBA_J
169,CBA_J
154,CBA_J
423,CBA_J
877,CBA_J
73,CBA_J
105,CBA_J
230,CBA_J
184,CBA_J
988,CBA_J
1313,CBA_J
75,CBA_J
336,CBA_J
7427,CBA_J
152,CBA_J
91,CBA_J
468,CBA_J
179,CBA_J
481,CBA_J
284,CBA_J
292,CBA_J
210,CBA_J
358,CBA_J
460,CBA_J
67,CBA_J
421,CBA_J
6500,CBA_J
1839,CBA_J
3895,CBA_J
327,CBA_J
6256,CBA_J
116,CBA_J
6479,CBA_J
172,CBA_J
782,CBA_J
1594,CBA_J
85,CBA_J
80,CBA_J
723,CBA_J
1686,CBA_J
3737,CBA_J
6432,CBA_J
94,CBA_J
81,CBA_J
315,CBA_J
1823,CBA_J
388,CBA_J
210,CBA_J
4547,CBA_J
113,CBA_J
77,CBA_J
161,CBA_J
1887,CBA_J
36,CBA_J
6533,CBA_J
8193,CBA_J
455,CBA_J
118,CBA_J
120,CBA_J
182,CBA_J
1909,CBA_J
200,CBA_J
225,CBA_J
4873,CBA_J
439,CBA_J
121,CBA_J
14707,CBA_J
1390,CBA_J
6238,CBA_J
511,CBA_J
223,CBA_J
3554,CBA_J
58,CBA_J
2648,CBA_J
260,CBA_J
406,CBA_J
108,CBA_J
7422,CBA_J
5873,CBA_J
139,CBA_J
177,CBA_J
7364,CBA_J
579,CBA_J
872,CBA_J
322,CBA_J
388,CBA_J
301,CBA_J
355,CBA_J
198,CBA_J
700,CBA_J
327,CBA_J
19245,CBA_J
204,CBA_J
488,CBA_J
173,CBA_J
374,CBA_J
122,CBA_J
863,CBA_J
445,CBA_J
102,CBA_J
1893,CBA_J
147,CBA_J
530,CBA_J
5523,CBA_J
1102,CBA_J
569,CBA_J
953,CBA_J
3427,CBA_J
192,CBA_J
497,CBA_J
481,CBA_J
610,CBA_J
1211,CBA_J
1916,CBA_J
799,CBA_J
1218,CBA_J
281,CBA_J
196,CBA_J
174,CBA_J
39,CBA_J
254,CBA_J
233,CBA_J
119,CBA_J
211,CBA_J
465,CBA_J
139,CBA_J
409,CBA_J
193,CBA_J
187,CBA_J
43,CBA_J
591,CBA_J
42,CBA_J
197,CBA_J
204,CBA_J
197,CBA_J
251,CBA_J
545,CBA_J
177,CBA_J
1813,CBA_J
1425,CBA_J
51,CBA_J
152,CBA_J
6408,CBA_J
1223,CBA_J
7445,CBA_J
562,CBA_J
204,CBA_J
7016,CBA_J
450,CBA_J
480,CBA_J
448,CBA_J
394,CBA_J
218,CBA_J
259,CBA_J
728,CBA_J
121,CBA_J
372,CBA_J
91,CBA_J
480,CBA_J
3214,CBA_J
401,CBA_J
2284,CBA_J
245,CBA_J
190,CBA_J
728,CBA_J
963,CBA_J
491,CBA_J
146,CBA_J
125,CBA_J
231,CBA_J
101,CBA_J
276,CBA_J
329,CBA_J
217,CBA_J
749,CBA_J
845,CBA_J
1219,CBA_J
1767,CBA_J
6398,CBA_J
202,CBA_J
581,CBA_J
661,CBA_J
202,CBA_J
213,CBA_J
2955,CBA_J
1006,CBA_J
24301,CBA_J
1314,CBA_J
179,CBA_J
440,CBA_J
156,CBA_J
161,CBA_J
472,CBA_J
7064,CBA_J
474,CBA_J
116,CBA_J
587,CBA_J
134,CBA_J
515,CBA_J
722,CBA_J
229,CBA_J
909,CBA_J
620,CBA_J
1355,CBA_J
206,CBA_J
7143,CBA_J
4994,CBA_J
211,CBA_J
70,CBA_J
291,CBA_J
662,CBA_J
46,CBA_J
3813,CBA_J
228,CBA_J
10672,CBA_J
819,CBA_J
14516,CBA_J
7143,CBA_J
6264,CBA_J
7411,CBA_J
6288,CBA_J
114,CBA_J
186,CBA_J
279,CBA_J
6569,CBA_J
611,CBA_J
7121,CBA_J
6329,CBA_J
3691,CBA_J
5646,CBA_J
5763,CBA_J
715,CBA_J
577,CBA_J
578,CBA_J
431,CBA_J
124,CBA_J
2836,CBA_J
218,CBA_J
247,CBA_J
205,CBA_J
136,CBA_J
24,CBA_J
1250,CBA_J
5068,CBA_J
291,CBA_J
1713,CBA_J
199,CBA_J
149,CBA_J
208,CBA_J
208,CBA_J
215,CBA_J
280,CBA_J
136,CBA_J
212,CBA_J
193,CBA_J
192,CBA_J
86,CBA_J
43,CBA_J
3633,CBA_J
575,CBA_J
403,CBA_J
166,CBA_J
525,CBA_J
389,CBA_J
6630,CBA_J
202,CBA_J
941,CBA_J
142,CBA_J
617,CBA_J
818,CBA_J
213,CBA_J
175,CBA_J
211,CBA_J
1710,CBA_J
222,CBA_J
174,CBA_J
224,CBA_J
1417,CBA_J
328,CBA_J
6385,CBA_J
648,CBA_J
533,CBA_J
200,CBA_J
176,CBA_J
674,CBA_J
94,CBA_J
6397,CBA_J
631,CBA_J
334,CBA_J
148,CBA_J
8785,CBA_J
522,CBA_J
7117,CBA_J
579,CBA_J
305,CBA_J
245,CBA_J
184,CBA_J
188,CBA_J
214,CBA_J
108,CBA_J
326,CBA_J
276,CBA_J
559,CBA_J
212,CBA_J
257,CBA_J
231,CBA_J
75,CBA_J
786,CBA_J
345,CBA_J
204,CBA_J
447,CBA_J
917,CBA_J
97,CBA_J
114,CBA_J
134,CBA_J
104,CBA_J
121,CBA_J
274,CBA_J
694,CBA_J
207,CBA_J
1893,CBA_J
269,CBA_J
243,CBA_J
2931,CBA_J
6457,CBA_J
1039,CBA_J
108,CBA_J
227,CBA_J
565,CBA_J
169,CBA_J
464,CBA_J
114,CBA_J
6182,CBA_J
2063,CBA_J
78,CBA_J
382,CBA_J
9415,CBA_J
221,CBA_J
6433,CBA_J
1249,CBA_J
221,CBA_J
483,CBA_J
1558,CBA_J
3371,CBA_J
5440,CBA_J
178,CBA_J
855,CBA_J
167,CBA_J
6584,CBA_J
135,CBA_J
372,CBA_J
752,CBA_J
36,CBA_J
283,CBA_J
1154,CBA_J
764,CBA_J
932,CBA_J
246,CBA_J
1955,CBA_J
75,CBA_J
110,CBA_J
656,CBA_J
197,CBA_J
795,CBA_J
444,CBA_J
202,CBA_J
59,CBA_J
551,CBA_J
752,CBA_J
58,CBA_J
428,CBA_J
52,CBA_J
185,CBA_J
1497,CBA_J
6456,CBA_J
758,CBA_J
172,CBA_J
213,CBA_J
207,CBA_J
5494,CBA_J
46,CBA_J
46,CBA_J
1491,CBA_J
1909,CBA_J
48,CBA_J
568,CBA_J
1243,CBA_J
286,CBA_J
316,CBA_J
2099,CBA_J
504,CBA_J
2144,CBA_J
267,CBA_J
133,CBA_J
91,CBA_J
312,CBA_J
81,CBA_J
7196,CBA_J
2885,CBA_J
520,CBA_J
584,CBA_J
6222,CBA_J
1648,CBA_J
2895,CBA_J
351,CBA_J
2386,CBA_J
86,CBA_J
219,CBA_J
80,CBA_J
139,CBA_J
1506,CBA_J
6242,CBA_J
621,CBA_J
173,CBA_J
1181,CBA_J
590,CBA_J
89,CBA_J
164,CBA_J
62,CBA_J
199,CBA_J
326,CBA_J
7212,CBA_J
130,CBA_J
321,CBA_J
165,CBA_J
98,CBA_J
85,CBA_J
5532,CBA_J
183,CBA_J
187,CBA_J
88,CBA_J
418,CBA_J
177,CBA_J
1135,CBA_J
6454,CBA_J
930,CBA_J
520,CBA_J
148,CBA_J
126,CBA_J
532,CBA_J
1112,CBA_J
125,CBA_J
213,CBA_J
499,CBA_J
264,CBA_J
153,CBA_J
627,CBA_J
243,CBA_J
180,CBA_J
1181,CBA_J
253,CBA_J
1665,CBA_J
8721,CBA_J
182,CBA_J
227,CBA_J
226,CBA_J
262,CBA_J
590,CBA_J
349,CBA_J
1043,CBA_J
6518,CBA_J
45,CBA_J
730,BALB_CJ
179,BALB_CJ
196,BALB_CJ
214,BALB_CJ
165,BALB_CJ
222,BALB_CJ
134,BALB_CJ
142,BALB_CJ
213,BALB_CJ
1912,BALB_CJ
169,BALB_CJ
228,BALB_CJ
398,BALB_CJ
188,BALB_CJ
277,BALB_CJ
166,BALB_CJ
226,BALB_CJ
220,BALB_CJ
468,BALB_CJ
887,BALB_CJ
401,BALB_CJ
183,BALB_CJ
2613,BALB_CJ
178,BALB_CJ
70,BALB_CJ
9474,BALB_CJ
6446,BALB_CJ
239572,BALB_CJ
2818,BALB_CJ
7168,BALB_CJ
5144,BALB_CJ
5763,BALB_CJ
15884,BALB_CJ
99,BALB_CJ
202,BALB_CJ
283,BALB_CJ
201,BALB_CJ
203,BALB_CJ
214,BALB_CJ
66,BALB_CJ
677,BALB_CJ
679,BALB_CJ
283,BALB_CJ
6808,BALB_CJ
937,BALB_CJ
6905,BALB_CJ
106,BALB_CJ
412,BALB_CJ
450,BALB_CJ
190,BALB_CJ
181,BALB_CJ
168,BALB_CJ
241,BALB_CJ
62175,BALB_CJ
809,BALB_CJ
165,BALB_CJ
98,BALB_CJ
7384,BALB_CJ
1094,BALB_CJ
3580,BALB_CJ
1880,BALB_CJ
226,BALB_CJ
1318,BALB_CJ
73,BALB_CJ
499,BALB_CJ
3830,BALB_CJ
840,BALB_CJ
6091,BALB_CJ
1923,BALB_CJ
947,BALB_CJ
725,BALB_CJ
169,BALB_CJ
105,BALB_CJ
1304,BALB_CJ
336,BALB_CJ
7427,BALB_CJ
152,BALB_CJ
284,BALB_CJ
87,BALB_CJ
2208,BALB_CJ
6256,BALB_CJ
3293,BALB_CJ
116,BALB_CJ
6479,BALB_CJ
6899,BALB_CJ
268,BALB_CJ
1594,BALB_CJ
85,BALB_CJ
80,BALB_CJ
4257,BALB_CJ
381,BALB_CJ
723,BALB_CJ
1686,BALB_CJ
447,BALB_CJ
683,BALB_CJ
94,BALB_CJ
81,BALB_CJ
805,BALB_CJ
4547,BALB_CJ
1887,BALB_CJ
77,BALB_CJ
161,BALB_CJ
1887,BALB_CJ
6533,BALB_CJ
8193,BALB_CJ
455,BALB_CJ
118,BALB_CJ
4057,BALB_CJ
158,BALB_CJ
142,BALB_CJ
6359,BALB_CJ
246,BALB_CJ
999,BALB_CJ
232,BALB_CJ
200,BALB_CJ
168,BALB_CJ
1171,BALB_CJ
93,BALB_CJ
609,BALB_CJ
120,BALB_CJ
211,BALB_CJ
182,BALB_CJ
1909,BALB_CJ
225,BALB_CJ
1390,BALB_CJ
207,BALB_CJ
3160,BALB_CJ
6238,BALB_CJ
139,BALB_CJ
207,BALB_CJ
164,BALB_CJ
782,BALB_CJ
1368,BALB_CJ
223,BALB_CJ
626,BALB_CJ
3554,BALB_CJ
58,BALB_CJ
260,BALB_CJ
406,BALB_CJ
108,BALB_CJ
7422,BALB_CJ
5873,BALB_CJ
139,BALB_CJ
355,BALB_CJ
99,BALB_CJ
1893,BALB_CJ
392,BALB_CJ
3427,BALB_CJ
497,BALB_CJ
481,BALB_CJ
610,BALB_CJ
1211,BALB_CJ
1916,BALB_CJ
799,BALB_CJ
1218,BALB_CJ
281,BALB_CJ
196,BALB_CJ
174,BALB_CJ
39,BALB_CJ
254,BALB_CJ
233,BALB_CJ
119,BALB_CJ
211,BALB_CJ
465,BALB_CJ
139,BALB_CJ
409,BALB_CJ
193,BALB_CJ
187,BALB_CJ
43,BALB_CJ
591,BALB_CJ
42,BALB_CJ
197,BALB_CJ
204,BALB_CJ
197,BALB_CJ
251,BALB_CJ
545,BALB_CJ
177,BALB_CJ
1813,BALB_CJ
1425,BALB_CJ
51,BALB_CJ
152,BALB_CJ
6408,BALB_CJ
16,BALB_CJ
1223,BALB_CJ
7445,BALB_CJ
562,BALB_CJ
204,BALB_CJ
7016,BALB_CJ
450,BALB_CJ
109,BALB_CJ
480,BALB_CJ
218,BALB_CJ
232,BALB_CJ
394,BALB_CJ
218,BALB_CJ
1200,BALB_CJ
2284,BALB_CJ
491,BALB_CJ
146,BALB_CJ
3225,BALB_CJ
83,BALB_CJ
563,BALB_CJ
125,BALB_CJ
749,BALB_CJ
1219,BALB_CJ
1767,BALB_CJ
6398,BALB_CJ
202,BALB_CJ
202,BALB_CJ
126,BALB_CJ
147,BALB_CJ
2955,BALB_CJ
197,BALB_CJ
1006,BALB_CJ
862,BALB_CJ
1039,BALB_CJ
63,BALB_CJ
123,BALB_CJ
163,BALB_CJ
245,BALB_CJ
1799,BALB_CJ
874,BALB_CJ
215,BALB_CJ
3426,BALB_CJ
440,BALB_CJ
166,BALB_CJ
206,BALB_CJ
1314,BALB_CJ
179,BALB_CJ
440,BALB_CJ
768,BALB_CJ
263,BALB_CJ
156,BALB_CJ
161,BALB_CJ
472,BALB_CJ
7064,BALB_CJ
474,BALB_CJ
116,BALB_CJ
587,BALB_CJ
134,BALB_CJ
515,BALB_CJ
722,BALB_CJ
229,BALB_CJ
909,BALB_CJ
620,BALB_CJ
1355,BALB_CJ
206,BALB_CJ
7143,BALB_CJ
178,BALB_CJ
111,BALB_CJ
2399,BALB_CJ
70,BALB_CJ
291,BALB_CJ
662,BALB_CJ
46,BALB_CJ
191,BALB_CJ
87,BALB_CJ
306,BALB_CJ
3813,BALB_CJ
228,BALB_CJ
10672,BALB_CJ
819,BALB_CJ
14516,BALB_CJ
7143,BALB_CJ
6264,BALB_CJ
7411,BALB_CJ
6288,BALB_CJ
114,BALB_CJ
186,BALB_CJ
279,BALB_CJ
6569,BALB_CJ
611,BALB_CJ
7121,BALB_CJ
6329,BALB_CJ
3691,BALB_CJ
136,BALB_CJ
2051,BALB_CJ
348,BALB_CJ
8636,BALB_CJ
5921,BALB_CJ
3547,BALB_CJ
5763,BALB_CJ
538,BALB_CJ
640,BALB_CJ
1394,BALB_CJ
342,BALB_CJ
1719,BALB_CJ
578,BALB_CJ
431,BALB_CJ
124,BALB_CJ
2704,BALB_CJ
2836,BALB_CJ
242,BALB_CJ
599,BALB_CJ
115,BALB_CJ
374,BALB_CJ
24,BALB_CJ
1250,BALB_CJ
5068,BALB_CJ
291,BALB_CJ
1713,BALB_CJ
199,BALB_CJ
180,BALB_CJ
15,BALB_CJ
220,BALB_CJ
1124,BALB_CJ
709,BALB_CJ
149,BALB_CJ
208,BALB_CJ
215,BALB_CJ
280,BALB_CJ
217,BALB_CJ
252,BALB_CJ
136,BALB_CJ
212,BALB_CJ
193,BALB_CJ
192,BALB_CJ
209,BALB_CJ
86,BALB_CJ
4354,BALB_CJ
147,BALB_CJ
277,BALB_CJ
43,BALB_CJ
3633,BALB_CJ
575,BALB_CJ
403,BALB_CJ
166,BALB_CJ
525,BALB_CJ
389,BALB_CJ
6630,BALB_CJ
1063,BALB_CJ
527,BALB_CJ
6260,BALB_CJ
202,BALB_CJ
758,BALB_CJ
941,BALB_CJ
617,BALB_CJ
213,BALB_CJ
175,BALB_CJ
211,BALB_CJ
1710,BALB_CJ
222,BALB_CJ
174,BALB_CJ
224,BALB_CJ
1417,BALB_CJ
328,BALB_CJ
6385,BALB_CJ
6404,BALB_CJ
131,BALB_CJ
175,BALB_CJ
127,BALB_CJ
96,BALB_CJ
488,BALB_CJ
672,BALB_CJ
746,BALB_CJ
6397,BALB_CJ
10281,BALB_CJ
383,BALB_CJ
867,BALB_CJ
3070,BALB_CJ
148,BALB_CJ
220,BALB_CJ
194,BALB_CJ
187,BALB_CJ
532,BALB_CJ
7117,BALB_CJ
579,BALB_CJ
305,BALB_CJ
307,BALB_CJ
258,BALB_CJ
1444,BALB_CJ
214,BALB_CJ
326,BALB_CJ
276,BALB_CJ
559,BALB_CJ
212,BALB_CJ
161,BALB_CJ
215,BALB_CJ
215,BALB_CJ
231,BALB_CJ
75,BALB_CJ
216,BALB_CJ
345,BALB_CJ
204,BALB_CJ
99,BALB_CJ
447,BALB_CJ
917,BALB_CJ
97,BALB_CJ
114,BALB_CJ
134,BALB_CJ
104,BALB_CJ
116,BALB_CJ
274,BALB_CJ
694,BALB_CJ
1239,BALB_CJ
207,BALB_CJ
1893,BALB_CJ
269,BALB_CJ
1039,BALB_CJ
581,BALB_CJ
756,BALB_CJ
836,BALB_CJ
23,BALB_CJ
227,BALB_CJ
565,BALB_CJ
169,BALB_CJ
464,BALB_CJ
114,BALB_CJ
6486,BALB_CJ
231,BALB_CJ
222,BALB_CJ
856,BALB_CJ
226,BALB_CJ
459,BALB_CJ
543,BALB_CJ
270,BALB_CJ
6794,BALB_CJ
3624,BALB_CJ
1971,BALB_CJ
136,BALB_CJ
60,BALB_CJ
2034,BALB_CJ
418,BALB_CJ
6225,BALB_CJ
1739,BALB_CJ
2529,BALB_CJ
80,BALB_CJ
58,BALB_CJ
1061,BALB_CJ
920,BALB_CJ
6423,BALB_CJ
6686,BALB_CJ
6433,BALB_CJ
1249,BALB_CJ
221,BALB_CJ
483,BALB_CJ
1558,BALB_CJ
3371,BALB_CJ
5440,BALB_CJ
178,BALB_CJ
855,BALB_CJ
167,BALB_CJ
6584,BALB_CJ
135,BALB_CJ
372,BALB_CJ
36,BALB_CJ
283,BALB_CJ
1154,BALB_CJ
764,BALB_CJ
932,BALB_CJ
444,BALB_CJ
202,BALB_CJ
59,BALB_CJ
551,BALB_CJ
752,BALB_CJ
58,BALB_CJ
428,BALB_CJ
52,BALB_CJ
185,BALB_CJ
121,BALB_CJ
218,BALB_CJ
468,BALB_CJ
1030,BALB_CJ
195,BALB_CJ
6456,BALB_CJ
758,BALB_CJ
172,BALB_CJ
213,BALB_CJ
207,BALB_CJ
5494,BALB_CJ
46,BALB_CJ
46,BALB_CJ
1491,BALB_CJ
1909,BALB_CJ
48,BALB_CJ
568,BALB_CJ
1243,BALB_CJ
286,BALB_CJ
106,BALB_CJ
825,BALB_CJ
2925,BALB_CJ
267,BALB_CJ
133,BALB_CJ
91,BALB_CJ
312,BALB_CJ
81,BALB_CJ
7196,BALB_CJ
2885,BALB_CJ
520,BALB_CJ
584,BALB_CJ
6222,BALB_CJ
1648,BALB_CJ
2895,BALB_CJ
351,BALB_CJ
6242,BALB_CJ
621,BALB_CJ
173,BALB_CJ
1181,BALB_CJ
590,BALB_CJ
89,BALB_CJ
164,BALB_CJ
62,BALB_CJ
199,BALB_CJ
326,BALB_CJ
7212,BALB_CJ
130,BALB_CJ
321,BALB_CJ
165,BALB_CJ
98,BALB_CJ
85,BALB_CJ
5532,BALB_CJ
183,BALB_CJ
187,BALB_CJ
88,BALB_CJ
418,BALB_CJ
177,BALB_CJ
1135,BALB_CJ
6454,BALB_CJ
930,BALB_CJ
520,BALB_CJ
148,BALB_CJ
126,BALB_CJ
532,BALB_CJ
1112,BALB_CJ
125,BALB_CJ
213,BALB_CJ
499,BALB_CJ
264,BALB_CJ
153,BALB_CJ
627,BALB_CJ
243,BALB_CJ
180,BALB_CJ
1181,BALB_CJ
253,BALB_CJ
1665,BALB_CJ
8721,BALB_CJ
182,BALB_CJ
227,BALB_CJ
226,BALB_CJ
262,BALB_CJ
590,BALB_CJ
349,BALB_CJ
1043,BALB_CJ
6518,BALB_CJ
45,BALB_CJ
730,AKR_J
179,AKR_J
196,AKR_J
214,AKR_J
165,AKR_J
222,AKR_J
134,AKR_J
142,AKR_J
213,AKR_J
1912,AKR_J
169,AKR_J
228,AKR_J
398,AKR_J
188,AKR_J
277,AKR_J
166,AKR_J
226,AKR_J
220,AKR_J
468,AKR_J
887,AKR_J
401,AKR_J
547,AKR_J
183,AKR_J
2613,AKR_J
1341,AKR_J
66,AKR_J
677,AKR_J
679,AKR_J
6808,AKR_J
12711,AKR_J
398,AKR_J
6895,AKR_J
308,AKR_J
313,AKR_J
197,AKR_J
335,AKR_J
1349,AKR_J
670,AKR_J
3197,AKR_J
499,AKR_J
7210,AKR_J
1035,AKR_J
1744,AKR_J
3830,AKR_J
840,AKR_J
6091,AKR_J
157,AKR_J
73,AKR_J
476,AKR_J
2653,AKR_J
162,AKR_J
76,AKR_J
169,AKR_J
105,AKR_J
1304,AKR_J
336,AKR_J
7427,AKR_J
152,AKR_J
87,AKR_J
2208,AKR_J
6256,AKR_J
3293,AKR_J
116,AKR_J
6479,AKR_J
6899,AKR_J
268,AKR_J
307,AKR_J
175,AKR_J
85,AKR_J
80,AKR_J
4257,AKR_J
381,AKR_J
339,AKR_J
447,AKR_J
683,AKR_J
1161,AKR_J
6432,AKR_J
214,AKR_J
94,AKR_J
81,AKR_J
805,AKR_J
4547,AKR_J
1887,AKR_J
77,AKR_J
161,AKR_J
1887,AKR_J
402,AKR_J
8964,AKR_J
4057,AKR_J
158,AKR_J
142,AKR_J
6359,AKR_J
246,AKR_J
999,AKR_J
232,AKR_J
200,AKR_J
168,AKR_J
1171,AKR_J
93,AKR_J
609,AKR_J
120,AKR_J
211,AKR_J
182,AKR_J
1909,AKR_J
784,AKR_J
225,AKR_J
1390,AKR_J
6238,AKR_J
207,AKR_J
511,AKR_J
223,AKR_J
626,AKR_J
3554,AKR_J
58,AKR_J
2648,AKR_J
406,AKR_J
108,AKR_J
5873,AKR_J
139,AKR_J
177,AKR_J
256,AKR_J
355,AKR_J
99,AKR_J
147,AKR_J
392,AKR_J
3427,AKR_J
192,AKR_J
497,AKR_J
610,AKR_J
1211,AKR_J
174,AKR_J
420,AKR_J
409,AKR_J
705,AKR_J
193,AKR_J
187,AKR_J
20,AKR_J
92,AKR_J
648,AKR_J
6408,AKR_J
1223,AKR_J
2082,AKR_J
562,AKR_J
7016,AKR_J
450,AKR_J
480,AKR_J
156,AKR_J
324,AKR_J
401,AKR_J
2284,AKR_J
245,AKR_J
190,AKR_J
728,AKR_J
963,AKR_J
491,AKR_J
146,AKR_J
3225,AKR_J
83,AKR_J
1484,AKR_J
644,AKR_J
2083,AKR_J
4927,AKR_J
526,AKR_J
708,AKR_J
149,AKR_J
209,AKR_J
176,AKR_J
130,AKR_J
363,AKR_J
476,AKR_J
563,AKR_J
125,AKR_J
231,AKR_J
6453,AKR_J
749,AKR_J
845,AKR_J
1219,AKR_J
1767,AKR_J
6398,AKR_J
202,AKR_J
1006,AKR_J
24301,AKR_J
206,AKR_J
1314,AKR_J
179,AKR_J
440,AKR_J
263,AKR_J
156,AKR_J
161,AKR_J
472,AKR_J
7064,AKR_J
474,AKR_J
116,AKR_J
587,AKR_J
134,AKR_J
515,AKR_J
722,AKR_J
229,AKR_J
620,AKR_J
1355,AKR_J
206,AKR_J
7143,AKR_J
178,AKR_J
111,AKR_J
2399,AKR_J
70,AKR_J
291,AKR_J
662,AKR_J
46,AKR_J
191,AKR_J
87,AKR_J
306,AKR_J
896,AKR_J
3813,AKR_J
228,AKR_J
10672,AKR_J
819,AKR_J
14516,AKR_J
7143,AKR_J
6264,AKR_J
7411,AKR_J
6288,AKR_J
114,AKR_J
186,AKR_J
279,AKR_J
6569,AKR_J
611,AKR_J
7121,AKR_J
6329,AKR_J
3691,AKR_J
136,AKR_J
2051,AKR_J
348,AKR_J
8636,AKR_J
5921,AKR_J
3547,AKR_J
5763,AKR_J
538,AKR_J
640,AKR_J
1394,AKR_J
342,AKR_J
1719,AKR_J
577,AKR_J
578,AKR_J
431,AKR_J
124,AKR_J
2704,AKR_J
2836,AKR_J
242,AKR_J
599,AKR_J
115,AKR_J
205,AKR_J
136,AKR_J
24,AKR_J
1250,AKR_J
5068,AKR_J
291,AKR_J
1713,AKR_J
199,AKR_J
149,AKR_J
208,AKR_J
208,AKR_J
215,AKR_J
280,AKR_J
136,AKR_J
212,AKR_J
193,AKR_J
192,AKR_J
86,AKR_J
147,AKR_J
277,AKR_J
43,AKR_J
3633,AKR_J
575,AKR_J
403,AKR_J
166,AKR_J
525,AKR_J
1261,AKR_J
389,AKR_J
13,AKR_J
663,AKR_J
6630,AKR_J
1063,AKR_J
527,AKR_J
6260,AKR_J
202,AKR_J
758,AKR_J
941,AKR_J
617,AKR_J
818,AKR_J
213,AKR_J
175,AKR_J
211,AKR_J
1710,AKR_J
222,AKR_J
174,AKR_J
224,AKR_J
148,AKR_J
328,AKR_J
197,AKR_J
6385,AKR_J
648,AKR_J
533,AKR_J
94,AKR_J
6397,AKR_J
631,AKR_J
61,AKR_J
10281,AKR_J
383,AKR_J
867,AKR_J
3070,AKR_J
194,AKR_J
187,AKR_J
532,AKR_J
7117,AKR_J
579,AKR_J
305,AKR_J
307,AKR_J
245,AKR_J
218,AKR_J
188,AKR_J
258,AKR_J
1444,AKR_J
108,AKR_J
326,AKR_J
276,AKR_J
559,AKR_J
212,AKR_J
257,AKR_J
231,AKR_J
75,AKR_J
786,AKR_J
345,AKR_J
204,AKR_J
447,AKR_J
917,AKR_J
97,AKR_J
114,AKR_J
134,AKR_J
104,AKR_J
121,AKR_J
274,AKR_J
694,AKR_J
1893,AKR_J
269,AKR_J
2870,AKR_J
1039,AKR_J
108,AKR_J
581,AKR_J
227,AKR_J
565,AKR_J
169,AKR_J
464,AKR_J
114,AKR_J
2199,AKR_J
290,AKR_J
6561,AKR_J
388,AKR_J
265,AKR_J
49,AKR_J
543,AKR_J
270,AKR_J
6794,AKR_J
3624,AKR_J
1971,AKR_J
136,AKR_J
60,AKR_J
2034,AKR_J
1439,AKR_J
418,AKR_J
6225,AKR_J
147,AKR_J
211,AKR_J
2529,AKR_J
80,AKR_J
58,AKR_J
83,AKR_J
1061,AKR_J
920,AKR_J
6433,AKR_J
5440,AKR_J
178,AKR_J
855,AKR_J
167,AKR_J
361,AKR_J
1289,AKR_J
1111,AKR_J
4152,AKR_J
6584,AKR_J
135,AKR_J
372,AKR_J
263,AKR_J
734,AKR_J
372,AKR_J
752,AKR_J
36,AKR_J
283,AKR_J
1154,AKR_J
764,AKR_J
1180,AKR_J
932,AKR_J
203,AKR_J
917,AKR_J
1955,AKR_J
110,AKR_J
98,AKR_J
70,AKR_J
451,AKR_J
245,AKR_J
197,AKR_J
795,AKR_J
444,AKR_J
202,AKR_J
59,AKR_J
551,AKR_J
752,AKR_J
58,AKR_J
428,AKR_J
52,AKR_J
185,AKR_J
1497,AKR_J
6456,AKR_J
758,AKR_J
172,AKR_J
213,AKR_J
207,AKR_J
5494,AKR_J
46,AKR_J
46,AKR_J
1909,AKR_J
568,AKR_J
1243,AKR_J
286,AKR_J
169,AKR_J
319,AKR_J
316,AKR_J
2099,AKR_J
825,AKR_J
2925,AKR_J
504,AKR_J
267,AKR_J
133,AKR_J
91,AKR_J
312,AKR_J
81,AKR_J
7196,AKR_J
2885,AKR_J
520,AKR_J
584,AKR_J
6222,AKR_J
1648,AKR_J
2895,AKR_J
351,AKR_J
6242,AKR_J
621,AKR_J
173,AKR_J
1181,AKR_J
590,AKR_J
89,AKR_J
164,AKR_J
62,AKR_J
199,AKR_J
326,AKR_J
7212,AKR_J
130,AKR_J
321,AKR_J
165,AKR_J
98,AKR_J
85,AKR_J
5532,AKR_J
183,AKR_J
187,AKR_J
88,AKR_J
418,AKR_J
177,AKR_J
1135,AKR_J
6454,AKR_J
930,AKR_J
520,AKR_J
148,AKR_J
126,AKR_J
532,AKR_J
1112,AKR_J
125,AKR_J
213,AKR_J
499,AKR_J
264,AKR_J
153,AKR_J
627,AKR_J
243,AKR_J
180,AKR_J
1181,AKR_J
253,AKR_J
1665,AKR_J
8721,AKR_J
182,AKR_J
227,AKR_J
226,AKR_J
262,AKR_J
590,AKR_J
349,AKR_J
1043,AKR_J
6518,AKR_J
45,AKR_J
730,A_J
179,A_J
196,A_J
214,A_J
165,A_J
222,A_J
134,A_J
142,A_J
213,A_J
1912,A_J
169,A_J
228,A_J
398,A_J
188,A_J
277,A_J
166,A_J
226,A_J
220,A_J
468,A_J
887,A_J
401,A_J
183,A_J
2613,A_J
1341,A_J
178,A_J
70,A_J
9474,A_J
6446,A_J
239572,A_J
2818,A_J
7168,A_J
5144,A_J
5763,A_J
15884,A_J
99,A_J
202,A_J
283,A_J
201,A_J
203,A_J
214,A_J
66,A_J
677,A_J
679,A_J
283,A_J
126,A_J
255,A_J
225,A_J
451,A_J
1944,A_J
163,A_J
1636,A_J
252,A_J
6808,A_J
937,A_J
6905,A_J
106,A_J
412,A_J
450,A_J
190,A_J
181,A_J
168,A_J
241,A_J
62175,A_J
809,A_J
165,A_J
98,A_J
7384,A_J
1094,A_J
3580,A_J
1880,A_J
226,A_J
1318,A_J
73,A_J
499,A_J
7210,A_J
3830,A_J
840,A_J
6091,A_J
73,A_J
226,A_J
725,A_J
2653,A_J
162,A_J
76,A_J
169,A_J
105,A_J
1304,A_J
336,A_J
7427,A_J
152,A_J
2208,A_J
6479,A_J
172,A_J
782,A_J
1594,A_J
85,A_J
80,A_J
723,A_J
1686,A_J
3737,A_J
6432,A_J
94,A_J
81,A_J
315,A_J
1823,A_J
388,A_J
210,A_J
4547,A_J
113,A_J
77,A_J
161,A_J
1887,A_J
36,A_J
6533,A_J
8193,A_J
455,A_J
118,A_J
1171,A_J
93,A_J
609,A_J
120,A_J
211,A_J
1909,A_J
225,A_J
1390,A_J
207,A_J
3160,A_J
6238,A_J
139,A_J
207,A_J
164,A_J
782,A_J
1368,A_J
223,A_J
626,A_J
3554,A_J
58,A_J
260,A_J
406,A_J
108,A_J
7422,A_J
5873,A_J
139,A_J
355,A_J
99,A_J
147,A_J
392,A_J
3427,A_J
192,A_J
497,A_J
610,A_J
1211,A_J
174,A_J
420,A_J
409,A_J
705,A_J
193,A_J
187,A_J
20,A_J
42,A_J
1617,A_J
211,A_J
197,A_J
321,A_J
284,A_J
1223,A_J
562,A_J
7016,A_J
450,A_J
218,A_J
232,A_J
394,A_J
218,A_J
1200,A_J
1429,A_J
2284,A_J
245,A_J
190,A_J
728,A_J
963,A_J
491,A_J
146,A_J
3225,A_J
83,A_J
224,A_J
2083,A_J
4927,A_J
318,A_J
93,A_J
6762,A_J
6694,A_J
2096,A_J
838,A_J
523,A_J
1091,A_J
526,A_J
164,A_J
708,A_J
149,A_J
125,A_J
749,A_J
1219,A_J
1767,A_J
6398,A_J
202,A_J
202,A_J
126,A_J
147,A_J
2955,A_J
197,A_J
1006,A_J
862,A_J
1039,A_J
63,A_J
123,A_J
163,A_J
245,A_J
1799,A_J
874,A_J
215,A_J
3426,A_J
440,A_J
166,A_J
206,A_J
1314,A_J
179,A_J
440,A_J
263,A_J
156,A_J
161,A_J
472,A_J
7064,A_J
474,A_J
116,A_J
587,A_J
134,A_J
515,A_J
722,A_J
229,A_J
909,A_J
620,A_J
1355,A_J
206,A_J
7143,A_J
178,A_J
111,A_J
2399,A_J
70,A_J
291,A_J
662,A_J
46,A_J
191,A_J
87,A_J
306,A_J
3813,A_J
228,A_J
10672,A_J
819,A_J
14516,A_J
7143,A_J
6264,A_J
7411,A_J
6288,A_J
114,A_J
186,A_J
279,A_J
6569,A_J
611,A_J
7121,A_J
6329,A_J
3691,A_J
136,A_J
2051,A_J
348,A_J
8636,A_J
5921,A_J
3547,A_J
5763,A_J
538,A_J
640,A_J
1394,A_J
342,A_J
1719,A_J
577,A_J
578,A_J
431,A_J
124,A_J
2704,A_J
2836,A_J
242,A_J
599,A_J
115,A_J
374,A_J
24,A_J
1250,A_J
5068,A_J
291,A_J
1713,A_J
199,A_J
180,A_J
15,A_J
220,A_J
1124,A_J
709,A_J
149,A_J
208,A_J
215,A_J
280,A_J
217,A_J
252,A_J
136,A_J
212,A_J
193,A_J
192,A_J
209,A_J
86,A_J
4354,A_J
147,A_J
277,A_J
43,A_J
3633,A_J
575,A_J
403,A_J
166,A_J
525,A_J
389,A_J
6630,A_J
1063,A_J
527,A_J
6260,A_J
202,A_J
758,A_J
941,A_J
617,A_J
213,A_J
175,A_J
211,A_J
1710,A_J
222,A_J
174,A_J
224,A_J
1417,A_J
328,A_J
6385,A_J
6404,A_J
131,A_J
175,A_J
127,A_J
96,A_J
488,A_J
672,A_J
746,A_J
6397,A_J
10281,A_J
383,A_J
867,A_J
3070,A_J
148,A_J
220,A_J
194,A_J
187,A_J
532,A_J
7117,A_J
579,A_J
305,A_J
307,A_J
258,A_J
1444,A_J
214,A_J
326,A_J
276,A_J
559,A_J
212,A_J
161,A_J
215,A_J
215,A_J
231,A_J
75,A_J
216,A_J
345,A_J
204,A_J
99,A_J
447,A_J
917,A_J
97,A_J
114,A_J
134,A_J
104,A_J
116,A_J
274,A_J
694,A_J
1239,A_J
207,A_J
1893,A_J
269,A_J
1039,A_J
581,A_J
756,A_J
836,A_J
23,A_J
227,A_J
565,A_J
169,A_J
464,A_J
114,A_J
6486,A_J
231,A_J
222,A_J
856,A_J
226,A_J
459,A_J
543,A_J
270,A_J
6794,A_J
3624,A_J
1971,A_J
136,A_J
60,A_J
2034,A_J
418,A_J
6225,A_J
1739,A_J
2529,A_J
80,A_J
58,A_J
1061,A_J
920,A_J
6423,A_J
6686,A_J
6433,A_J
1249,A_J
221,A_J
483,A_J
1558,A_J
3371,A_J
5440,A_J
178,A_J
855,A_J
167,A_J
29,A_J
6584,A_J
135,A_J
372,A_J
36,A_J
283,A_J
1154,A_J
764,A_J
932,A_J
213,A_J
207,A_J
5494,A_J
46,A_J
46,A_J
1491,A_J
1909,A_J
48,A_J
568,A_J
1243,A_J
286,A_J
316,A_J
2099,A_J
825,A_J
2925,A_J
504,A_J
267,A_J
133,A_J
91,A_J
312,A_J
81,A_J
7196,A_J
2885,A_J
520,A_J
584,A_J
6222,A_J
1648,A_J
2895,A_J
351,A_J
2386,A_J
86,A_J
219,A_J
80,A_J
139,A_J
1506,A_J
6242,A_J
621,A_J
173,A_J
1181,A_J
590,A_J
89,A_J
164,A_J
62,A_J
199,A_J
326,A_J
7212,A_J
130,A_J
321,A_J
165,A_J
98,A_J
85,A_J
5532,A_J
183,A_J
187,A_J
88,A_J
418,A_J
177,A_J
1135,A_J
6454,A_J
930,A_J
520,A_J
148,A_J
126,A_J
1112,A_J
125,A_J
213,A_J
499,A_J
264,A_J
153,A_J
627,A_J
243,A_J
180,A_J
1181,A_J
253,A_J
21,A_J
8721,A_J
182,A_J
227,A_J
226,A_J
262,A_J
590,A_J
349,A_J
1043,A_J
6518,A_J
45,A_J
